{
  "nav":{
    "home": "Home",
    "ExpoDubai": "O que é a Expo Dubai?",
    "BrazilExpo": "O Brasil na Expo",
    "pavilion": "O Pavilhão do Brasil",
    "news": "Notícias",
    "participate": "Participe",
    "contactus": "Fale Conosco"
  },
  "intro":{
    "logo": "Expo Dubai - Brasil",
    "title": "O Brasil na Expo Dubai",
    "subtitle": "De 01/10/2021 a 31/03/2022 Dubai, Emirados Árabes Unidos",
    "buttonvideo": "Assista ao vídeo",
    "buttonparticipate": "Participe",
    "titlecountdown": "Em <span>Breve</span>",
    "dayscountdown": "Dias",
    "hourscountdown": "Horas",
    "minutescountdown": "Minutos",
    "secondscountdown": "Segundos"
  },
  "news":{
    "titlecall": "Notícias",
    "buttoncall": "saiba mais"
  },
  "ExpoDubai":{
    "titlecall": "O que é a <span>Expo Dubai?</span>",
    "call": "<p>Conexão e legado – essas palavras representam o espírito das Expos.</p><p>Desde 1851, ano da primeira edição do projeto, as Exposições Universais atraem pessoas de todo o mundo para conferir os avanços tecnológicos e debater as perspectivas do futuro da nossa sociedade.</p><p>Saiba mais sobre a maior vitrine mundial, que atraiu mais de 20 milhões de visitantes apenas em sua edição de 2015, realizada na Itália, clicando abaixo.</p>",
    "buttoncall": "Saiba Mais",
    "titlepage":"O que é a <span>Expo Dubai?</span>",
    "content": "<p>A Expo Dubai é a próxima edição da Exposição Universal, evento itinerante que ocorre a cada cinco anos, em que a maior atração são os pavilhões dos países participantes. O evento ocorrerá entre 01 de outubro de 2021 e 31 de março de 2022, em Dubai, nos Emirados Árabes Unidos. A expectativa é atrair milhões de visitantes de todo o mundo com o intuito de explorar inovações, ideias, avanços científicos e tecnológicos. Reunirá diversos setores, tais como: empresas privadas, ONGs e instituições governamentais, todas destinadas a discutir negócios, tecnologia, urbanismo, sustentabilidade, ciências, cultura, gastronomia e economia.</p><p>Em 2021, com o tema “<i>Connecting Minds, Creating the Future</i>” (Conectando Mentes, Criando o Futuro”), a Expo Dubai estará organizada em três eixos temáticos: Oportunidade, Mobilidade e Sustentabilidade.</p>",
    "titlevideo": "Assista <span>ao vídeo</span>",
    "subtitlevideo": "da Expo Dubai.",
    "buttonvideo": "Clique Aqui",
    "titlephotos": "Vejas <span>as Fotos</span>"
  },
  "BrazilExpo":{
    "titlecall": "O Brasil na Expo <span>Dubai</span>",
    "call": "<p>O Brasil tem o passaporte carimbado desde a primeira edição da Exposição Universal, realizada no Reino Unido, em 1851, e sempre contribuiu com várias inovações de <i>design</i> e tecnologia.</p><p>Em Dubai, o país participa do evento com um pavilhão na área de Sustentabilidade, abordando os temas: aproveitamento consciente do meio ambiente para produção, diferentes potenciais agrícolas e a geração de energia renovável, dentre outros.</p><p>O Pavilhão Brasileiro traz uma proposta imersiva aos seus visitantes, com sons e cheiros de vários ecossistemas de diversas regiões do país, garantindo experiência única.</p>",
    "buttoncall": "Saiba Mais",
    "titlepage": "O Brasil na <span>Expo Dubai</span>",
    "content": "<p>Juntos pelo Desenvolvimento Sustentável. Na Expo Dubai, o Brasil traz uma experiência de sensações para apresentar propostas de melhoria do uso de recursos naturais, estratégias de crescimento agrícola sustentável, novas formas de geração de energia limpa, entre outros temas.</p><p>Sinta o perfume das grandes matas, descubra os climas dos diversos biomas e se encante com as cores de um país unicamente especial. Tudo isso, enquanto descobre como o Brasil está agindo para preservar o planeta e expandir a oferta de alimentos.</p>",
    "buttonvideo": "Assista ao vídeo",
    "titlesustainability": "Sustentabilidade",
    "contentsustainability": "<p>O Pavilhão do Brasil destacará a sustentabilidade, a partir do tema <i>TOGETHER FOR SUSTAINABLE DEVELOPMENT</i>, dividido em natureza, pessoas e o amanhã (<i>Together for Nature, Together for People e Together for Tomorrow</i>). Esses são os pontos de partida para que os arquitetos mostrem a diversidade de fauna e flora, a multiplicidade étnica, criativa e cultural do povo brasileiro e ainda apresentem o Brasil como um país agregador, além de ator de relevância global nas questões internacionais relacionadas à sustentabilidade. A palavra-chave que resume o tema do pavilhão verde-amarelo é a sociobiodiversidade brasileira. O Pavilhão do Brasil, desde a sua concepção, deve refletir essa característica tão única do país.</p><p>O Pavilhão do Brasil será construído no distrito da sustentabilidade da Expo Dubai. O projeto do pavilhão, dos arquitetos JPG.ARQ, MMBB e Ben-Avid, foi selecionado por meio de concurso organizado em parceria com o Instituto de Arquitetos do Brasil e inspirado pelas águas brasileiras. Os visitantes poderão caminhar por uma lâmina d’água, que representa os rios brasileiros e ocupará a maior parte do espaço. A experiência será complementada por projeções, sons, músicas e aromas.</p>",
    "titlegoals": "Nossos <span>Objetivos</span>",
    "increasetourism": "Aumentar o Turismo",
    "promoteinnovation": "Promover a Inovação",
    "promotesustainability": "Promover a Sustentabilidade",
    "diversifymarkets": "Diversificar Mercados Internacionais",
    "supporteducation": "Apoiar a Educação Internacional",
    "attractinvestments": "Atrair Investimentos Estrangeiros"
  },
  "history":{
    "titlecall": "História do <span>Brasil nas Expos</span>",
    "call": "<p>Conectando Mentes, criando o Futuro. Na Expo Dubai, o Brasil traz propostas de melhoria do uso de recursos naturais, estratégias de crescimento agrícola sustentável e novas formas de geração de energia limpa, entre outros temas.</p><p>Sinta o perfume das grandes matas, descubra os climas dos diversos biomas e se encante com as cores de um país unicamente especial. Tudo isso, enquanto descobre como o Brasil está agindo para preservar o planeta e expandir a oferta de alimento.</p>",
    "buttoncall": "Saiba Mais",
    "title1851": "Expo Londres 1851, Reino Unido",
    "content1851": "<p>Primeira edição, realizada em Londres, registra a primeira participação brasileira, em caráter não oficial, com apenas alguns produtos expostos, poucos expositores e emissários.</p>",
    "title1862": "Expo Londres 1862, Reino Unido",
    "content1862": "<p>O Brasil passa a participar oficialmente e regularmente das Exposições Universais, buscando mostrar ao mundo seu potencial natural e industrial, de modo a atrair, além de imigrantes, investidores e mercados externos.  Com o apoio e subsídio do imperador brasileiro na época, Dom Pedro II, entusiasta de feiras mundiais, essa era uma forma de inserir o país no grupo das nações civilizadas, exibindo seus avanços científicos e estabilidade política.</p>",
    "title1876": "Filadélfia 1876, Estados Unidos da América",
    "content1876": "<p>Dom Pedro II foi convidado ilustre da edição realizada na Filadélfia, EUA, que celebrava os 100 anos da independência dos EUA. O imperador não apenas inaugurou o evento ao lado do presidente norte-americano Ulysses Grant, como também conheceu Alexandre Graham Bell, que demonstrava na feira sua mais nova invenção: o telefone. Dom Pedro II ficou tão entusiasmado com o invento que, segundo consta, foi um dos primeiros usuários do novo avanço tecnológico em todo mundo, instalando um telefone no palácio imperial de Petrópolis. Sobre nosso pavilhão na Expo da Filadélfia, de acordo com Lilia Moritz Schwarcz, “o pavilhão brasileiro tinha de tudo para aliar a civilização aos trópicos: alguns instrumentos de moer café, vários objetos indígenas e produtos de nossas florestas”. O Brasil também levou à Filadélfia um café, com mesinhas e cadeiras distribuídas na área externa, onde era possível degustar gratuitamente nosso principal produto de exportação da época.</p>",
    "title1922": "Rio de Janeiro 1922, Brasil",
    "content1922": "<p>Em 1922, foi realizada no Rio de Janeiro a Exposição Internacional do Centenário da Independência do Brasil. Inaugurada na data marcante de 7 de setembro, durou até julho de 1923 e contou com a participação de 13 países: Estados Unidos, Argentina, México, Inglaterra, Itália, Noruega, França, Portugal, Dinamarca, Tchecoslováquia, Suécia, Bélgica e Japão. É frequentemente lembrada em razão da demolição do Morro do Castelo, que abriu o espaço necessário à construção do parque de exposições. Os pavilhões foram construídos na “Esplanada do Castelo”, projeto dos arquitetos Adolfo Morales de Los Rios (1858 – 1928) e Archimedes Memória (1893-1960). Alguns dos prédios erguidos para a Expo de 1922 perduram até os dias de hoje, como a sede histórica do Museu da Imagem e do Som (Pavilhão da Administração), a sede da Academia Brasileira de Letras (Pavilhão da França, réplica do Petit Trianon), o Museu Histórico Nacional (Pavilhão das Grandes Indústrias) e o Centro Cultural do Ministério da Saúde (Pavilhão da Estatística).</p>",
    "title1939": "Nova Iorque 1939,  Estados Unidos da América",
    "content1939": "<p>Na Expo Nova Iorque (EUA) Lúcio Costa e Oscar Niemeyer surpreenderam o mundo com formas livres, nas quais as qualidades plásticas do concreto foram aproveitadas ao máximo.</p>",
    "title1958": "Expo Bruxelas 1958, Bélgica",
    "content1958": "<p>A Expo Bruxelas representou a oportunidade para apresentar internacionalmente os “50 anos em 5” prometidos pelo presidente Juscelino Kubitschek. A exposição foi realizada entre 17 de abril e 19 de outubro de 1958, contou com a participação de 52 países e teve mais de 40 milhões de visitantes. O Pavilhão do Brasil foi idealizado pelo arquiteto Sergio Bernardes e foi marcado pela exploração da estrutura metálica e cabos de aço.</p>",
    "title1970": "Expo Osaka 1970, Japão",
    "content1970": "<p>No momento da Exposição Universal de Osaka (Japão), o Brasil se encontrava fora do circuito de Exposições Universais havia 12 anos. O Pavilhão do Brasil na Expo Osaka, de autoria de um grupo de arquitetos paulistas (Paulo Mendes da Rocha, Jorge Caron, Júlio Katinsky e Ruy Ohtake, com grande equipe de colaboradores arquitetos, estudantes e artistas plásticos), mostrou com vãos de até 30 metros e balanços de 20 metros as qualidades construtivas do concreto protendido.</p>",
    "title2010": "Expo Xangai 2010, China",
    "content2010": "<p>Com o tema <i>Better City – Better Life</i>, a Expo Universal 2010, realizada em Xangai (China) recebeu público total de 73 milhões de pessoas. Coordenado pela Apex-Brasil, o Pavilhão do Brasil, cujo tema foi Cidades Pulsantes, teve 2 mil m², recebeu 2,63 milhões de visitantes e sediou 15 eventos (5 ministeriais, 7 culturais e 3 de negócios). O Pavilhão foi criado a partir de um galpão alugado pelo governo brasileiro, com projeto assinado pelo arquiteto Fernando Brandão. A fachada foi criada a partir de estruturas metálicas e trama de madeira certificada pintada de verde.</p>",
    "title2015": "Expo Milão 2015, Itália",
    "content2015": "<p>Novamente coordenado pela Apex-Brasil, o Pavilhão do Brasil foi um dos grandes destaques da Expo realizada em Milão. O espaço brasileiro foi concebido pelo Studio Arthur Casas, em parceria com o Atelier Marko Brajovic e o Studio Mosae, e trouxe uma rede onde as pessoas podiam caminhar. Ocupando área total de 5.357 m², a estrutura apresentou o tema Alimentando o Mundo com Soluções, recebeu 5,3 milhões de visitantes e ganhou o prêmio Towards a Sustainable EXPO na categoria Design e Materiais da Edificação. O Pavilhão sediou 36 eventos, com a participação de 73 empresas brasileiras, 8 entidades setoriais, 20 órgãos governamentais e 12 estados brasileiros.</p>",
    "title2021": "Expo Dubai,  Emirados Árabes Unidos",
    "content2021": "<p>O tema geral da Expo Dubai é <i>Connecting Minds, Creating the Future</i>, com três subtemas: <i>Opportunity, Mobility e Sustainability</i>. Esses três temas dividem geograficamente o Parque de Exposições. O Pavilhão do Brasil está localizado no distrito da sustentabilidade e está sendo construído em um lote de 3.772,59 m². O projeto é dos arquitetos da JPG.ARQ, MMBB Arquitetos e Ben-Avid e tem a água como elemento principal. Espera-se que, enquanto caminham pelo enorme espelho d’água que domina a praça central do pavilhão, os visitantes sejam transportados pelo Brasil em uma experiência sensorial composta por projeções, sons e aromas.</p>"
  },
  "pavilion": {
    "titlecall": "O Pavilhão <span>do Brasil</span>",
    "call": "<p>O pavilhão será como um oásis no deserto, um mistura de climas, sons e cheiros dos biomas brasileiros transportados exclusivamente para a Expo Dubai.</p><p>Sinta a água nos seus pés e conecte-se com um país repleto de oportunidades.</p>",
    "buttoncall": "Saiba Mais",
    "titlepage": "O Pavilhão do Brasil",
    "content": "<p>O Pavilhão do Brasil ficará no Distrito da Sustentabilidade da Expo Dubai. A escolha do projeto foi feita por meio de um concurso organizado em parceria com o Instituto de Arquitetos do Brasil e o projeto escolhido foi inspirado nas águas brasileiras.</p><p>O espaço oferecerá uma experiência de imersão sensorial em que os visitantes, em pleno deserto de Dubai, poderão caminhar por uma lâmina d’água que representa os rios e lagos brasileiros. A experiência será complementada por projeções, variações de temperatura, sons, músicas, aromas e um visual fascinante, tornando a experiência completa.</p><p>Durante o dia, será um espaço de sombra e descanso. À noite, o pavilhão ganha ainda mais vida e se transforma em um cubo luminoso flutuante que apresenta ao mundo um país aberto, cheio de oportunidades, moderno, produtivo, ambientalmente consciente e sustentável. A ideia é que a simples presença nesse espaço produza nos visitantes uma conexão emocional permanente com o Brasil.</p>",
    "titlebusinessgeneration": "Geração de <span>Negócios</span>",
    "contentbusinessgeneration": "<p>O pavilhão também será uma oportunidade de ativação de marcas e de produtos brasileiros nos mercados local e regional. De acordo com o planejamento da Organização da Expo Dubai, a maior parte dos visitantes será formada por habitantes dos Emirados Árabes Unidos e por turistas chineses e indianos, que fazem parte de mercados extremamente relevantes para produtos brasileiros. Essa será uma oportunidade para que os visitantes do pavilhão desenvolvam uma associação positiva com as marcas brasileiras.</p>",
    "titletheme": "Tema do <span>Pavilhão do Brasil<span>",
    "contenttheme": "<p>A palavra-chave que resume o tema do Pavilhão do Brasil é associada à biodiversidade. Destacará a sustentabilidade a partir do tema <i>TOGETHER FOR DIVERSITY</i>, dividido em natureza, pessoas e o amanhã (<i>Together for Nature, Together for People e Together for Tomorrow</i>). Esses foram os pilares que nortearam toda a criação do espaço do Brasil.</p><p>O objetivo é que o espaço represente a diversidade de fauna e flora, a multiplicidade étnica, criativa e cultura do povo brasileiro e ainda reforce a imagem do Brasil como um país agregador, moderno, parceiro e de relevância global nas questões internacionais relacionadas à sustentabilidade.</p>",
    "titlevideo":"Assista <span>ao vídeo</span>",
    "subtitlevideo":"do evento abaixo.",
    "buttonvideo": "Clique Aqui",
    "titlephotos": "Vejas <span>as Fotos</span>"
  },
  "participate":{
    "titlecall": "Participe",
    "call": "<p>Sua empresa não pode ficar de fora da EXPO Dubai, um dos mais importantes eventos mundiais, que reúne diversos públicos, como: empresas privadas, ONGs e instituições governamentais para discutir temas como negócios, tecnologia, urbanismo, sustentabilidade, ciências, cultura, gastronomia e economia.</p>",
    "button": "Cadastre-se"
  },
  "contactus": {
    "titlecall": "Fale <span>Conosco</span>",
    "subtitlecall": "Tem alguma dúvida sobre o evento? <br/>Nos mande a mensagem ou acesse a nossa seção de perguntas frequentes.",
    "titleform": "Entre <span>em contato</span>",
    "inputname": "Nome",
    "inputemail": "E-mail",
    "inputmessage": "Mensagem",
    "buttonform": "enviar"
  },
  "faq":{
    "titlecall": "Perguntas <span>Frequentes</span>",
    "call": "<p>Dúvidas sobre a Expo Dubai, como participar do evento ou os temas que serão falados? Clique abaixo.</p>",
    "buttoncall": "Acessar o FAQ",
    "titlequestion1": "Que imagem o Brasil pretende transmitir na Expo Dubai?",
    "contentquestion1": "<p>O pavilhão do Brasil está localizado no Distrito da Sustentabilidade. A ideia é conduzir o visitante a uma experiência sensorial e mostrar ao mundo esse Brasil cheio de oportunidades, moderno, produtivo, ambientalmente consciente e sustentável como fundo.</p>",
    "titlequestion2": "Quais resultados o Brasil espera alcançar com sua participação na Expo Dubai?",
    "contentquestion2": "<p>As Expos são eventos direcionados ao público final, em larga medida, formado por famílias e visitantes em momentos de lazer. É, portanto, um evento no qual praticamente todos os países participam em busca de ganhos de imagem, decorrentes da experiência oferecida aos visitantes.</p><p>De acordo com o planejamento da Organização da Expo, a maior parte dos visitantes será formada por nacionais dos Emirados Árabes Unidos (EAU) e por turistas chineses e indianos. São mercados extremamente relevantes para os produtos brasileiros. O que esperamos é contribuir para que os visitantes que passem por nosso pavilhão desenvolvam uma conexão permanente com o Brasil, de modo que, quando entrem em contato com um produto brasileiro, seja ele econômico ou cultural, o resultado seja uma associação positiva.</p>",
    "titlequestion3": "Como a realização do evento nos Emirados Árabes Unidos pode contribuir para esses resultados?",
    "contentquestion3": "<p>Além de ser um mercado extremamente importante para nossos produtos (destaque, por exemplo, para nossas exportações de proteína animal ou do setor de transportes para o país), os EAU são também fonte importante de investimento estrangeiro (com investimento, por exemplo, de empresa emirática no Porto de Santos). Pode-se dizer também que o mercado dos EAU serve como “selo de qualidade” para os demais mercados da região, tornando-se estratégico para nossas empresas.</p>",
    "titlequestion4": "Que outros órgãos estão envolvidos com a participação brasileira na Expo Dubai?",
    "contentquestion4": "<p>A Apex-Brasil tem a responsabilidade de liderar a participação brasileira na Exposição Universal e foi designada formalmente pelo Governo Federal para fazê-lo, tendo também firmado o contrato de participação com o Comitê Organizador.</p><p>Um Grupo Gestor da Participação Brasileira na Expo foi constituído desde 2018 e, atualmente, é composto por várias entidades governamentais e ministérios (MRE, Secom/PR, Mapa, Cidadania, MMA, MTUR, Embratur, MCTI, MMFDH, Economia). A Apex-Brasil reporta-se regularmente a esse grupo e o consulta sobre os mais diversos temas. Esse grupo se reúne periodicamente para avaliar o progresso da participação brasileira na Expo Dubai.</p>",
    "titlequestion5": "Como a participação na Expo Dubai é custeada?",
    "contentquestion5": "<p>Os recursos para a construção do Pavilhão do Brasil na Expo Dubai são integralmente da Apex-Brasil. A Agência é um Serviço Social Autônomo e compõe o denominado “Sistema S”, não fazendo parte da Administração Pública Direta ou Indireta. É uma entidade privada e sem fins lucrativos, que atua em estreita cooperação com o poder público para a execução de políticas de promoção de exportações e atração de investimentos estrangeiros. Para tanto, mantém um Contrato de Gestão com o Ministério das Relações Exteriores.</p>",
    "titlequestion6": "Como posso participar da Expo Dubai?",
    "contentquestion6": "<p>A Apex-Brasil espera que o Pavilhão do Brasil na Expo Dubai seja uma oportunidade de aumentar nossas exportações e atrair investimentos para o Brasil.</p><p>Encorajamos empresas, governos e organizações brasileiras a usarem esse espaço privilegiado para realizar ativações de suas marcas e ações promocionais, que podem ir de exposições a apresentações musicais, passando por degustações, desfiles, aulas práticas... O importante é mostrar o melhor do Brasil, incorporar o espírito de criatividade da Expo e pensar sempre no público final!</p><p>A empresa selecionada pela Apex-Brasil para operar com exclusividade o Pavilhão terá condições de prover todos os recursos necessários para a realização dessas ativações, cobrando preços de mercado. A Apex-Brasil, por sua vez, não cobrará qualquer taxa pelo uso do espaço do Pavilhão.</p><p>Além disso, pretendemos que o visitante tenha uma experiência completa de imersão em nossa brasilidade. Para isso, a Apex-Brasil selecionou empresa concessionária, sediada em Dubai, para operar a loja, o restaurante e o café que funcionarão em nosso Pavilhão durante todo o evento, bem como prestar, com exclusividade, serviços de catering aos parceiros que realizem eventos em nossos espaços, também a preços de mercado.</p><p>Se você tem um produto que não pode faltar em nossa loja, café ou restaurante, fale conosco para que possamos intermediar o contato com a empresa concessionária. É importante registrar, contudo, que a concessão é uma operação comercial e que a inclusão de produtos nesses espaços será, em última instância, tomada pela empresa concessionária.</p>"
  },
  "footer": {
    "titlesocial": "Siga-nos"
  }
} 